-- phpMyAdmin SQL Dump
-- version 4.0.9
-- http://www.phpmyadmin.net
--
-- Host: 127.0.0.1
-- Generation Time: Feb 17, 2014 at 12:28 PM
-- Server version: 5.6.14
-- PHP Version: 5.5.6

SET SQL_MODE = "NO_AUTO_VALUE_ON_ZERO";
SET time_zone = "+00:00";


/*!40101 SET @OLD_CHARACTER_SET_CLIENT=@@CHARACTER_SET_CLIENT */;
/*!40101 SET @OLD_CHARACTER_SET_RESULTS=@@CHARACTER_SET_RESULTS */;
/*!40101 SET @OLD_COLLATION_CONNECTION=@@COLLATION_CONNECTION */;
/*!40101 SET NAMES utf8 */;

--
-- Database: `gilbertf`
--
CREATE DATABASE IF NOT EXISTS `gilbertf` DEFAULT CHARACTER SET utf8 COLLATE utf8_unicode_ci;
USE `gilbertf`;

-- --------------------------------------------------------

--
-- Table structure for table `idea`
--

DROP TABLE IF EXISTS `idea`;
CREATE TABLE IF NOT EXISTS `idea` (
  `idea_id` int(8) NOT NULL AUTO_INCREMENT,
  `title` varchar(160) COLLATE utf8_unicode_ci NOT NULL,
  `content` mediumblob NOT NULL,
  `url` varchar(128) COLLATE utf8_unicode_ci NOT NULL,
  `date_created` timestamp NOT NULL DEFAULT CURRENT_TIMESTAMP,
  PRIMARY KEY (`idea_id`)
) ENGINE=InnoDB  DEFAULT CHARSET=utf8 COLLATE=utf8_unicode_ci AUTO_INCREMENT=32 ;

--
-- Dumping data for table `idea`
--

INSERT INTO `idea` (`idea_id`, `title`, `content`, `url`, `date_created`) VALUES
(1, 'The quick P001', 0x4c6f72656d20697073756d20646f6c6f722073697420616d65742c20636f6e73656374657475722061646970697363696e6720656c69742e204675736365206120636f6d6d6f646f2073656d2c2071756973207068617265747261206e657175652e20416c697175616d206572617420766f6c75747061742e204d616563656e61732075742064696374756d20656e696d2e20416c697175616d206572617420766f6c75747061742e2043726173206665726d656e74756d20747572706973206d692c2073656420736f6c6c696369747564696e206d692076756c70757461746520696e2e20566573746962756c756d207665686963756c61206d657475732061206175677565206672696e67696c6c612068656e6472657269742e20416c697175616d20706f737565726520656c656d656e74756d206c65637475732e20457469616d2061646970697363696e672074696e636964756e74206d6f6c6c69732e205175697371756520626962656e64756d206d6f6c657374696520677261766964612e20566573746962756c756d20666163696c6973697320706f727461206469676e697373696d2e, 'http://localhost', '2014-02-17 08:40:31'),
(2, 'Brown fox 002', 0x4c6f72656d20697073756d20646f6c6f722073697420616d65742c20636f6e73656374657475722061646970697363696e6720656c69742e204675736365206120636f6d6d6f646f2073656d2c2071756973207068617265747261206e657175652e20416c697175616d206572617420766f6c75747061742e204d616563656e61732075742064696374756d20656e696d2e20416c697175616d206572617420766f6c75747061742e2043726173206665726d656e74756d20747572706973206d692c2073656420736f6c6c696369747564696e206d692076756c70757461746520696e2e20566573746962756c756d207665686963756c61206d657475732061206175677565206672696e67696c6c612068656e6472657269742e20416c697175616d20706f737565726520656c656d656e74756d206c65637475732e20457469616d2061646970697363696e672074696e636964756e74206d6f6c6c69732e205175697371756520626962656e64756d206d6f6c657374696520677261766964612e20566573746962756c756d20666163696c6973697320706f727461206469676e697373696d2e, 'http://192.168.1.1', '2014-02-17 08:42:01'),
(3, 'Jumped over P003', 0x4c6f72656d20697073756d20646f6c6f722073697420616d65742c20636f6e73656374657475722061646970697363696e6720656c69742e204675736365206120636f6d6d6f646f2073656d2c2071756973207068617265747261206e657175652e20416c697175616d206572617420766f6c75747061742e204d616563656e61732075742064696374756d20656e696d2e20416c697175616d206572617420766f6c75747061742e2043726173206665726d656e74756d20747572706973206d692c2073656420736f6c6c696369747564696e206d692076756c70757461746520696e2e20566573746962756c756d207665686963756c61206d657475732061206175677565206672696e67696c6c612068656e6472657269742e20416c697175616d20706f737565726520656c656d656e74756d206c65637475732e20457469616d2061646970697363696e672074696e636964756e74206d6f6c6c69732e205175697371756520626962656e64756d206d6f6c657374696520677261766964612e20566573746962756c756d20666163696c6973697320706f727461206469676e697373696d2e, '', '2014-02-17 08:44:30'),
(4, 'The lazy dog 004', 0x4c6f72656d20697073756d20646f6c6f722073697420616d65742c20636f6e73656374657475722061646970697363696e6720656c69742e204675736365206120636f6d6d6f646f2073656d2c2071756973207068617265747261206e657175652e20416c697175616d206572617420766f6c75747061742e204d616563656e61732075742064696374756d20656e696d2e20416c697175616d206572617420766f6c75747061742e2043726173206665726d656e74756d20747572706973206d692c2073656420736f6c6c696369747564696e206d692076756c70757461746520696e2e20566573746962756c756d207665686963756c61206d657475732061206175677565206672696e67696c6c612068656e6472657269742e20416c697175616d20706f737565726520656c656d656e74756d206c65637475732e20457469616d2061646970697363696e672074696e636964756e74206d6f6c6c69732e205175697371756520626962656e64756d206d6f6c657374696520677261766964612e20566573746962756c756d20666163696c6973697320706f727461206469676e697373696d2e, '', '2014-02-17 08:44:59'),
(5, 'Eenie Meenie P005', 0x4c6f72656d20697073756d20646f6c6f722073697420616d65742c20636f6e73656374657475722061646970697363696e6720656c69742e204675736365206120636f6d6d6f646f2073656d2c2071756973207068617265747261206e657175652e20416c697175616d206572617420766f6c75747061742e204d616563656e61732075742064696374756d20656e696d2e20416c697175616d206572617420766f6c75747061742e2043726173206665726d656e74756d20747572706973206d692c2073656420736f6c6c696369747564696e206d692076756c70757461746520696e2e20566573746962756c756d207665686963756c61206d657475732061206175677565206672696e67696c6c612068656e6472657269742e20416c697175616d20706f737565726520656c656d656e74756d206c65637475732e20457469616d2061646970697363696e672074696e636964756e74206d6f6c6c69732e205175697371756520626962656e64756d206d6f6c657374696520677261766964612e20566573746962756c756d20666163696c6973697320706f727461206469676e697373696d2e, '', '2014-02-17 08:45:48'),
(6, 'Minie Moe 006', 0x4c6f72656d20697073756d20646f6c6f722073697420616d65742c20636f6e73656374657475722061646970697363696e6720656c69742e204675736365206120636f6d6d6f646f2073656d2c2071756973207068617265747261206e657175652e20416c697175616d206572617420766f6c75747061742e204d616563656e61732075742064696374756d20656e696d2e20416c697175616d206572617420766f6c75747061742e2043726173206665726d656e74756d20747572706973206d692c2073656420736f6c6c696369747564696e206d692076756c70757461746520696e2e20566573746962756c756d207665686963756c61206d657475732061206175677565206672696e67696c6c612068656e6472657269742e20416c697175616d20706f737565726520656c656d656e74756d206c65637475732e20457469616d2061646970697363696e672074696e636964756e74206d6f6c6c69732e205175697371756520626962656e64756d206d6f6c657374696520677261766964612e20566573746962756c756d20666163696c6973697320706f727461206469676e697373696d2e, '', '2014-02-17 08:46:22'),
(7, 'Lollipops', 0x4c6f72656d20697073756d20646f6c6f722073697420616d65742c20636f6e73656374657475722061646970697363696e6720656c69742e204675736365206120636f6d6d6f646f2073656d2c2071756973207068617265747261206e657175652e20416c697175616d206572617420766f6c75747061742e204d616563656e61732075742064696374756d20656e696d2e20416c697175616d206572617420766f6c75747061742e2043726173206665726d656e74756d20747572706973206d692c2073656420736f6c6c696369747564696e206d692076756c70757461746520696e2e20566573746962756c756d207665686963756c61206d657475732061206175677565206672696e67696c6c612068656e6472657269742e20416c697175616d20706f737565726520656c656d656e74756d206c65637475732e20457469616d2061646970697363696e672074696e636964756e74206d6f6c6c69732e205175697371756520626962656e64756d206d6f6c657374696520677261766964612e20566573746962756c756d20666163696c6973697320706f727461206469676e697373696d2e, 'http://8.8.8.8', '2014-02-17 08:48:49'),
(8, 'Narwhals', 0x4c6f72656d20697073756d20646f6c6f722073697420616d65742c20636f6e73656374657475722061646970697363696e6720656c69742e204675736365206120636f6d6d6f646f2073656d2c2071756973207068617265747261206e657175652e20416c697175616d206572617420766f6c75747061742e204d616563656e61732075742064696374756d20656e696d2e20416c697175616d206572617420766f6c75747061742e2043726173206665726d656e74756d20747572706973206d692c2073656420736f6c6c696369747564696e206d692076756c70757461746520696e2e20566573746962756c756d207665686963756c61206d657475732061206175677565206672696e67696c6c612068656e6472657269742e20416c697175616d20706f737565726520656c656d656e74756d206c65637475732e20457469616d2061646970697363696e672074696e636964756e74206d6f6c6c69732e205175697371756520626962656e64756d206d6f6c657374696520677261766964612e20566573746962756c756d20666163696c6973697320706f727461206469676e697373696d2e, '', '2014-02-17 08:49:15'),
(9, 'Unicorns', 0x4c6f72656d20697073756d20646f6c6f722073697420616d65742c20636f6e73656374657475722061646970697363696e6720656c69742e204675736365206120636f6d6d6f646f2073656d2c2071756973207068617265747261206e657175652e20416c697175616d206572617420766f6c75747061742e204d616563656e61732075742064696374756d20656e696d2e20416c697175616d206572617420766f6c75747061742e2043726173206665726d656e74756d20747572706973206d692c2073656420736f6c6c696369747564696e206d692076756c70757461746520696e2e20566573746962756c756d207665686963756c61206d657475732061206175677565206672696e67696c6c612068656e6472657269742e20416c697175616d20706f737565726520656c656d656e74756d206c65637475732e20457469616d2061646970697363696e672074696e636964756e74206d6f6c6c69732e205175697371756520626962656e64756d206d6f6c657374696520677261766964612e20566573746962756c756d20666163696c6973697320706f727461206469676e697373696d2e, '', '2014-02-17 08:49:36'),
(10, 'Elephants', 0x4c6f72656d20697073756d20646f6c6f722073697420616d65742c20636f6e73656374657475722061646970697363696e6720656c69742e204675736365206120636f6d6d6f646f2073656d2c2071756973207068617265747261206e657175652e20416c697175616d206572617420766f6c75747061742e204d616563656e61732075742064696374756d20656e696d2e20416c697175616d206572617420766f6c75747061742e2043726173206665726d656e74756d20747572706973206d692c2073656420736f6c6c696369747564696e206d692076756c70757461746520696e2e20566573746962756c756d207665686963756c61206d657475732061206175677565206672696e67696c6c612068656e6472657269742e20416c697175616d20706f737565726520656c656d656e74756d206c65637475732e20457469616d2061646970697363696e672074696e636964756e74206d6f6c6c69732e205175697371756520626962656e64756d206d6f6c657374696520677261766964612e20566573746962756c756d20666163696c6973697320706f727461206469676e697373696d2e, '', '2014-02-17 08:50:10'),
(11, 'Ski Trip', 0x4c6f72656d20697073756d20646f6c6f722073697420616d65742c20636f6e73656374657475722061646970697363696e6720656c69742e204675736365206120636f6d6d6f646f2073656d2c2071756973207068617265747261206e657175652e20416c697175616d206572617420766f6c75747061742e204d616563656e61732075742064696374756d20656e696d2e20416c697175616d206572617420766f6c75747061742e2043726173206665726d656e74756d20747572706973206d692c2073656420736f6c6c696369747564696e206d692076756c70757461746520696e2e20566573746962756c756d207665686963756c61206d657475732061206175677565206672696e67696c6c612068656e6472657269742e20416c697175616d20706f737565726520656c656d656e74756d206c65637475732e20457469616d2061646970697363696e672074696e636964756e74206d6f6c6c69732e205175697371756520626962656e64756d206d6f6c657374696520677261766964612e20566573746962756c756d20666163696c6973697320706f727461206469676e697373696d2e, 'http://ski-trip.com', '2014-02-17 08:50:54'),
(12, 'Water bottles', 0x4c6f72656d20697073756d20646f6c6f722073697420616d65742c20636f6e73656374657475722061646970697363696e6720656c69742e204675736365206120636f6d6d6f646f2073656d2c2071756973207068617265747261206e657175652e20416c697175616d206572617420766f6c75747061742e204d616563656e61732075742064696374756d20656e696d2e20416c697175616d206572617420766f6c75747061742e2043726173206665726d656e74756d20747572706973206d692c2073656420736f6c6c696369747564696e206d692076756c70757461746520696e2e20566573746962756c756d207665686963756c61206d657475732061206175677565206672696e67696c6c612068656e6472657269742e20416c697175616d20706f737565726520656c656d656e74756d206c65637475732e20457469616d2061646970697363696e672074696e636964756e74206d6f6c6c69732e205175697371756520626962656e64756d206d6f6c657374696520677261766964612e20566573746962756c756d20666163696c6973697320706f727461206469676e697373696d2e, '', '2014-02-17 08:51:21'),
(13, 'Catch a tiger', 0x4c6f72656d20697073756d20646f6c6f722073697420616d65742c20636f6e73656374657475722061646970697363696e6720656c69742e204675736365206120636f6d6d6f646f2073656d2c2071756973207068617265747261206e657175652e20416c697175616d206572617420766f6c75747061742e204d616563656e61732075742064696374756d20656e696d2e20416c697175616d206572617420766f6c75747061742e2043726173206665726d656e74756d20747572706973206d692c2073656420736f6c6c696369747564696e206d692076756c70757461746520696e2e20566573746962756c756d207665686963756c61206d657475732061206175677565206672696e67696c6c612068656e6472657269742e20416c697175616d20706f737565726520656c656d656e74756d206c65637475732e20457469616d2061646970697363696e672074696e636964756e74206d6f6c6c69732e205175697371756520626962656e64756d206d6f6c657374696520677261766964612e20566573746962756c756d20666163696c6973697320706f727461206469676e697373696d2e, '', '2014-02-17 08:53:18'),
(14, 'By its toe', 0x4c6f72656d20697073756d20646f6c6f722073697420616d65742c20636f6e73656374657475722061646970697363696e6720656c69742e204675736365206120636f6d6d6f646f2073656d2c2071756973207068617265747261206e657175652e20416c697175616d206572617420766f6c75747061742e204d616563656e61732075742064696374756d20656e696d2e20416c697175616d206572617420766f6c75747061742e2043726173206665726d656e74756d20747572706973206d692c2073656420736f6c6c696369747564696e206d692076756c70757461746520696e2e20566573746962756c756d207665686963756c61206d657475732061206175677565206672696e67696c6c612068656e6472657269742e20416c697175616d20706f737565726520656c656d656e74756d206c65637475732e20457469616d2061646970697363696e672074696e636964756e74206d6f6c6c69732e205175697371756520626962656e64756d206d6f6c657374696520677261766964612e20566573746962756c756d20666163696c6973697320706f727461206469676e697373696d2e, 'http://business.important', '2014-02-17 08:53:49'),
(15, 'Superglue', 0x4c6f72656d20697073756d20646f6c6f722073697420616d65742c20636f6e73656374657475722061646970697363696e6720656c69742e204675736365206120636f6d6d6f646f2073656d2c2071756973207068617265747261206e657175652e20416c697175616d206572617420766f6c75747061742e204d616563656e61732075742064696374756d20656e696d2e20416c697175616d206572617420766f6c75747061742e2043726173206665726d656e74756d20747572706973206d692c2073656420736f6c6c696369747564696e206d692076756c70757461746520696e2e20566573746962756c756d207665686963756c61206d657475732061206175677565206672696e67696c6c612068656e6472657269742e20416c697175616d20706f737565726520656c656d656e74756d206c65637475732e20457469616d2061646970697363696e672074696e636964756e74206d6f6c6c69732e205175697371756520626962656e64756d206d6f6c657374696520677261766964612e20566573746962756c756d20666163696c6973697320706f727461206469676e697373696d2e, '', '2014-02-17 08:54:32'),
(16, 'Post-it notes', 0x4c6f72656d20697073756d20646f6c6f722073697420616d65742c20636f6e73656374657475722061646970697363696e6720656c69742e204675736365206120636f6d6d6f646f2073656d2c2071756973207068617265747261206e657175652e20416c697175616d206572617420766f6c75747061742e204d616563656e61732075742064696374756d20656e696d2e20416c697175616d206572617420766f6c75747061742e2043726173206665726d656e74756d20747572706973206d692c2073656420736f6c6c696369747564696e206d692076756c70757461746520696e2e20566573746962756c756d207665686963756c61206d657475732061206175677565206672696e67696c6c612068656e6472657269742e20416c697175616d20706f737565726520656c656d656e74756d206c65637475732e20457469616d2061646970697363696e672074696e636964756e74206d6f6c6c69732e205175697371756520626962656e64756d206d6f6c657374696520677261766964612e20566573746962756c756d20666163696c6973697320706f727461206469676e697373696d2e, '', '2014-02-17 09:06:07'),
(17, 'Sticky Pads', 0x4c6f72656d20697073756d20646f6c6f722073697420616d65742c20636f6e73656374657475722061646970697363696e6720656c69742e204675736365206120636f6d6d6f646f2073656d2c2071756973207068617265747261206e657175652e20416c697175616d206572617420766f6c75747061742e204d616563656e61732075742064696374756d20656e696d2e20416c697175616d206572617420766f6c75747061742e2043726173206665726d656e74756d20747572706973206d692c2073656420736f6c6c696369747564696e206d692076756c70757461746520696e2e20566573746962756c756d207665686963756c61206d657475732061206175677565206672696e67696c6c612068656e6472657269742e20416c697175616d20706f737565726520656c656d656e74756d206c65637475732e20457469616d2061646970697363696e672074696e636964756e74206d6f6c6c69732e205175697371756520626962656e64756d206d6f6c657374696520677261766964612e20566573746962756c756d20666163696c6973697320706f727461206469676e697373696d2e, 'http://stic.ky', '2014-02-17 09:10:28'),
(18, 'Temporary Adhesive', 0x4c6f72656d20697073756d20646f6c6f722073697420616d65742c20636f6e73656374657475722061646970697363696e6720656c69742e204675736365206120636f6d6d6f646f2073656d2c2071756973207068617265747261206e657175652e20416c697175616d206572617420766f6c75747061742e204d616563656e61732075742064696374756d20656e696d2e20416c697175616d206572617420766f6c75747061742e2043726173206665726d656e74756d20747572706973206d692c2073656420736f6c6c696369747564696e206d692076756c70757461746520696e2e20566573746962756c756d207665686963756c61206d657475732061206175677565206672696e67696c6c612068656e6472657269742e20416c697175616d20706f737565726520656c656d656e74756d206c65637475732e20457469616d2061646970697363696e672074696e636964756e74206d6f6c6c69732e205175697371756520626962656e64756d206d6f6c657374696520677261766964612e20566573746962756c756d20666163696c6973697320706f727461206469676e697373696d2e, '', '2014-02-17 09:10:46'),
(19, 'I''m exhausted', 0x4c6f72656d20697073756d20646f6c6f722073697420616d65742c20636f6e73656374657475722061646970697363696e6720656c69742e204675736365206120636f6d6d6f646f2073656d2c2071756973207068617265747261206e657175652e20416c697175616d206572617420766f6c75747061742e204d616563656e61732075742064696374756d20656e696d2e20416c697175616d206572617420766f6c75747061742e2043726173206665726d656e74756d20747572706973206d692c2073656420736f6c6c696369747564696e206d692076756c70757461746520696e2e20566573746962756c756d207665686963756c61206d657475732061206175677565206672696e67696c6c612068656e6472657269742e20416c697175616d20706f737565726520656c656d656e74756d206c65637475732e20457469616d2061646970697363696e672074696e636964756e74206d6f6c6c69732e205175697371756520626962656e64756d206d6f6c657374696520677261766964612e20566573746962756c756d20666163696c6973697320706f727461206469676e697373696d2e, '', '2014-02-17 11:11:35'),
(20, 'Need energy', 0x4c6f72656d20697073756d20646f6c6f722073697420616d65742c20636f6e73656374657475722061646970697363696e6720656c69742e204675736365206120636f6d6d6f646f2073656d2c2071756973207068617265747261206e657175652e20416c697175616d206572617420766f6c75747061742e204d616563656e61732075742064696374756d20656e696d2e20416c697175616d206572617420766f6c75747061742e2043726173206665726d656e74756d20747572706973206d692c2073656420736f6c6c696369747564696e206d692076756c70757461746520696e2e20566573746962756c756d207665686963756c61206d657475732061206175677565206672696e67696c6c612068656e6472657269742e20416c697175616d20706f737565726520656c656d656e74756d206c65637475732e20457469616d2061646970697363696e672074696e636964756e74206d6f6c6c69732e205175697371756520626962656e64756d206d6f6c657374696520677261766964612e20566573746962756c756d20666163696c6973697320706f727461206469676e697373696d2e, '', '2014-02-17 11:12:47'),
(21, 'Delirious ', 0x4c6f72656d20697073756d20646f6c6f722073697420616d65742c20636f6e73656374657475722061646970697363696e6720656c69742e204675736365206120636f6d6d6f646f2073656d2c2071756973207068617265747261206e657175652e20416c697175616d206572617420766f6c75747061742e204d616563656e61732075742064696374756d20656e696d2e20416c697175616d206572617420766f6c75747061742e2043726173206665726d656e74756d20747572706973206d692c2073656420736f6c6c696369747564696e206d692076756c70757461746520696e2e20566573746962756c756d207665686963756c61206d657475732061206175677565206672696e67696c6c612068656e6472657269742e20416c697175616d20706f737565726520656c656d656e74756d206c65637475732e20457469616d2061646970697363696e672074696e636964756e74206d6f6c6c69732e205175697371756520626962656e64756d206d6f6c657374696520677261766964612e20566573746962756c756d20666163696c6973697320706f727461206469676e697373696d2e, 'http://where.am.i', '2014-02-17 11:14:52'),
(22, 'I''m Exhausted', 0x4c6f72656d20697073756d20646f6c6f722073697420616d65742c20636f6e73656374657475722061646970697363696e6720656c69742e204675736365206120636f6d6d6f646f2073656d2c2071756973207068617265747261206e657175652e20416c697175616d206572617420766f6c75747061742e204d616563656e61732075742064696374756d20656e696d2e20416c697175616d206572617420766f6c75747061742e2043726173206665726d656e74756d20747572706973206d692c2073656420736f6c6c696369747564696e206d692076756c70757461746520696e2e20566573746962756c756d207665686963756c61206d657475732061206175677565206672696e67696c6c612068656e6472657269742e20416c697175616d20706f737565726520656c656d656e74756d206c65637475732e20457469616d2061646970697363696e672074696e636964756e74206d6f6c6c69732e205175697371756520626962656e64756d206d6f6c657374696520677261766964612e20566573746962756c756d20666163696c6973697320706f727461206469676e697373696d2e, '', '2014-02-17 11:15:06'),
(23, 'Oreo Splitter', 0x54686973204c6f72656d20697073756d20646f6c6f722073697420616d65742c20636f6e73656374657475722061646970697363696e6720656c69742e204675736365206120636f6d6d6f646f2073656d2c2071756973207068617265747261206e657175652e20416c697175616d206572617420766f6c75747061742e204d616563656e61732075742064696374756d20656e696d2e20416c697175616d206572617420766f6c75747061742e2043726173206665726d656e74756d20747572706973206d692c2073656420736f6c6c696369747564696e206d692076756c70757461746520696e2e20566573746962756c756d207665686963756c61206d657475732061206175677565206672696e67696c6c612068656e6472657269742e20416c697175616d20706f737565726520656c656d656e74756d206c65637475732e20457469616d2061646970697363696e672074696e636964756e74206d6f6c6c69732e205175697371756520626962656e64756d206d6f6c657374696520677261766964612e20566573746962756c756d20666163696c6973697320706f727461206469676e697373696d2e, '', '2014-02-17 11:17:15'),
(24, 'Choco chip extractor', 0x4c6f72656d20697073756d20646f6c6f722073697420616d65742c20636f6e73656374657475722061646970697363696e6720656c69742e204675736365206120636f6d6d6f646f2073656d2c2071756973207068617265747261206e657175652e20416c697175616d206572617420766f6c75747061742e204d616563656e61732075742064696374756d20656e696d2e20416c697175616d206572617420766f6c75747061742e2043726173206665726d656e74756d20747572706973206d692c2073656420736f6c6c696369747564696e206d692076756c70757461746520696e2e20566573746962756c756d207665686963756c61206d657475732061206175677565206672696e67696c6c612068656e6472657269742e20416c697175616d20706f737565726520656c656d656e74756d206c65637475732e20457469616d2061646970697363696e672074696e636964756e74206d6f6c6c69732e205175697371756520626962656e64756d206d6f6c657374696520677261766964612e20566573746962756c756d20666163696c6973697320706f727461206469676e697373696d2e, '', '2014-02-17 11:17:30'),
(25, 'Mini toaster', 0x4c6f72656d20697073756d20646f6c6f722073697420616d65742c20636f6e73656374657475722061646970697363696e6720656c69742e204675736365206120636f6d6d6f646f2073656d2c2071756973207068617265747261206e657175652e20416c697175616d206572617420766f6c75747061742e204d616563656e61732075742064696374756d20656e696d2e20416c697175616d206572617420766f6c75747061742e2043726173206665726d656e74756d20747572706973206d692c2073656420736f6c6c696369747564696e206d692076756c70757461746520696e2e20566573746962756c756d207665686963756c61206d657475732061206175677565206672696e67696c6c612068656e6472657269742e20416c697175616d20706f737565726520656c656d656e74756d206c65637475732e20457469616d2061646970697363696e672074696e636964756e74206d6f6c6c69732e205175697371756520626962656e64756d206d6f6c657374696520677261766964612e20566573746962756c756d20666163696c6973697320706f727461206469676e697373696d2e, 'http://minitoast.er', '2014-02-17 11:18:06'),
(26, 'too many ideas', 0x4c6f72656d20697073756d20646f6c6f722073697420616d65742c20636f6e73656374657475722061646970697363696e6720656c69742e204675736365206120636f6d6d6f646f2073656d2c2071756973207068617265747261206e657175652e20416c697175616d206572617420766f6c75747061742e204d616563656e61732075742064696374756d20656e696d2e20416c697175616d206572617420766f6c75747061742e2043726173206665726d656e74756d20747572706973206d692c2073656420736f6c6c696369747564696e206d692076756c70757461746520696e2e20566573746962756c756d207665686963756c61206d657475732061206175677565206672696e67696c6c612068656e6472657269742e20416c697175616d20706f737565726520656c656d656e74756d206c65637475732e20457469616d2061646970697363696e672074696e636964756e74206d6f6c6c69732e205175697371756520626962656e64756d206d6f6c657374696520677261766964612e20566573746962756c756d20666163696c6973697320706f727461206469676e697373696d2e, '', '2014-02-17 11:20:14'),
(27, 'I need more time', 0x4c6f72656d20697073756d20646f6c6f722073697420616d65742c20636f6e73656374657475722061646970697363696e6720656c69742e204675736365206120636f6d6d6f646f2073656d2c2071756973207068617265747261206e657175652e20416c697175616d206572617420766f6c75747061742e204d616563656e61732075742064696374756d20656e696d2e20416c697175616d206572617420766f6c75747061742e2043726173206665726d656e74756d20747572706973206d692c2073656420736f6c6c696369747564696e206d692076756c70757461746520696e2e20566573746962756c756d207665686963756c61206d657475732061206175677565206672696e67696c6c612068656e6472657269742e20416c697175616d20706f737565726520656c656d656e74756d206c65637475732e20457469616d2061646970697363696e672074696e636964756e74206d6f6c6c69732e205175697371756520626962656e64756d206d6f6c657374696520677261766964612e20566573746962756c756d20666163696c6973697320706f727461206469676e697373696d2e, '', '2014-02-17 11:20:31'),
(28, 'What am I saying', 0x4c6f72656d20697073756d20646f6c6f722073697420616d65742c20636f6e73656374657475722061646970697363696e6720656c69742e204675736365206120636f6d6d6f646f2073656d2c2071756973207068617265747261206e657175652e20416c697175616d206572617420766f6c75747061742e204d616563656e61732075742064696374756d20656e696d2e20416c697175616d206572617420766f6c75747061742e2043726173206665726d656e74756d20747572706973206d692c2073656420736f6c6c696369747564696e206d692076756c70757461746520696e2e20566573746962756c756d207665686963756c61206d657475732061206175677565206672696e67696c6c612068656e6472657269742e20416c697175616d20706f737565726520656c656d656e74756d206c65637475732e20457469616d2061646970697363696e672074696e636964756e74206d6f6c6c69732e205175697371756520626962656e64756d206d6f6c657374696520677261766964612e20566573746962756c756d20666163696c6973697320706f727461206469676e697373696d2e, '', '2014-02-17 11:20:54'),
(29, 'Wow ', 0x4c6f72656d20697073756d20646f6c6f722073697420616d65742c20636f6e73656374657475722061646970697363696e6720656c69742e204675736365206120636f6d6d6f646f2073656d2c2071756973207068617265747261206e657175652e20416c697175616d206572617420766f6c75747061742e204d616563656e61732075742064696374756d20656e696d2e20416c697175616d206572617420766f6c75747061742e2043726173206665726d656e74756d20747572706973206d692c2073656420736f6c6c696369747564696e206d692076756c70757461746520696e2e20566573746962756c756d207665686963756c61206d657475732061206175677565206672696e67696c6c612068656e6472657269742e20416c697175616d20706f737565726520656c656d656e74756d206c65637475732e20457469616d2061646970697363696e672074696e636964756e74206d6f6c6c69732e205175697371756520626962656e64756d206d6f6c657374696520677261766964612e20566573746962756c756d20666163696c6973697320706f727461206469676e697373696d2e, '', '2014-02-17 11:22:26'),
(30, 'Much complex', 0x4c6f72656d20697073756d20646f6c6f722073697420616d65742c20636f6e73656374657475722061646970697363696e6720656c69742e204675736365206120636f6d6d6f646f2073656d2c2071756973207068617265747261206e657175652e20416c697175616d206572617420766f6c75747061742e204d616563656e61732075742064696374756d20656e696d2e20416c697175616d206572617420766f6c75747061742e2043726173206665726d656e74756d20747572706973206d692c2073656420736f6c6c696369747564696e206d692076756c70757461746520696e2e20566573746962756c756d207665686963756c61206d657475732061206175677565206672696e67696c6c612068656e6472657269742e20416c697175616d20706f737565726520656c656d656e74756d206c65637475732e20457469616d2061646970697363696e672074696e636964756e74206d6f6c6c69732e205175697371756520626962656e64756d206d6f6c657374696520677261766964612e20566573746962756c756d20666163696c6973697320706f727461206469676e697373696d2e, 'http://www.dogetek.co/game/‎', '2014-02-17 11:23:07'),
(31, 'Very working', 0x4c6f72656d20697073756d20646f6c6f722073697420616d65742c20636f6e73656374657475722061646970697363696e6720656c69742e204675736365206120636f6d6d6f646f2073656d2c2071756973207068617265747261206e657175652e20416c697175616d206572617420766f6c75747061742e204d616563656e61732075742064696374756d20656e696d2e20416c697175616d206572617420766f6c75747061742e2043726173206665726d656e74756d20747572706973206d692c2073656420736f6c6c696369747564696e206d692076756c70757461746520696e2e20566573746962756c756d207665686963756c61206d657475732061206175677565206672696e67696c6c612068656e6472657269742e20416c697175616d20706f737565726520656c656d656e74756d206c65637475732e20457469616d2061646970697363696e672074696e636964756e74206d6f6c6c69732e205175697371756520626962656e64756d206d6f6c657374696520677261766964612e20566573746962756c756d20666163696c6973697320706f727461206469676e697373696d2e, '', '2014-02-17 11:23:34');

-- --------------------------------------------------------

--
-- Table structure for table `ideamaker`
--

DROP TABLE IF EXISTS `ideamaker`;
CREATE TABLE IF NOT EXISTS `ideamaker` (
  `user_id` int(8) NOT NULL,
  PRIMARY KEY (`user_id`)
) ENGINE=InnoDB DEFAULT CHARSET=utf8 COLLATE=utf8_unicode_ci;

--
-- Dumping data for table `ideamaker`
--

INSERT INTO `ideamaker` (`user_id`) VALUES
(1),
(3),
(4),
(7);

-- --------------------------------------------------------

--
-- Table structure for table `ideamaker_project`
--

DROP TABLE IF EXISTS `ideamaker_project`;
CREATE TABLE IF NOT EXISTS `ideamaker_project` (
  `user_id` int(8) NOT NULL,
  `idea_id` int(8) NOT NULL,
  PRIMARY KEY (`user_id`,`idea_id`),
  KEY `idea_id` (`idea_id`)
) ENGINE=InnoDB DEFAULT CHARSET=utf8 COLLATE=utf8_unicode_ci;

--
-- Dumping data for table `ideamaker_project`
--

INSERT INTO `ideamaker_project` (`user_id`, `idea_id`) VALUES
(1, 1),
(1, 3),
(1, 5),
(3, 14),
(7, 26);

-- --------------------------------------------------------

--
-- Table structure for table `ideamaker_update`
--

DROP TABLE IF EXISTS `ideamaker_update`;
CREATE TABLE IF NOT EXISTS `ideamaker_update` (
  `user_id` int(8) NOT NULL,
  `update_id` int(8) NOT NULL,
  PRIMARY KEY (`user_id`,`update_id`),
  KEY `update_id` (`update_id`)
) ENGINE=InnoDB DEFAULT CHARSET=utf8 COLLATE=utf8_unicode_ci;

-- --------------------------------------------------------

--
-- Table structure for table `idea_tag`
--

DROP TABLE IF EXISTS `idea_tag`;
CREATE TABLE IF NOT EXISTS `idea_tag` (
  `idea_id` int(8) NOT NULL DEFAULT '0',
  `tag_id` int(8) NOT NULL DEFAULT '0',
  PRIMARY KEY (`idea_id`,`tag_id`),
  KEY `tag_id` (`tag_id`)
) ENGINE=InnoDB DEFAULT CHARSET=utf8 COLLATE=utf8_unicode_ci;

-- --------------------------------------------------------

--
-- Table structure for table `project`
--

DROP TABLE IF EXISTS `project`;
CREATE TABLE IF NOT EXISTS `project` (
  `idea_id` int(8) NOT NULL,
  PRIMARY KEY (`idea_id`)
) ENGINE=InnoDB DEFAULT CHARSET=utf8 COLLATE=utf8_unicode_ci;

--
-- Dumping data for table `project`
--

INSERT INTO `project` (`idea_id`) VALUES
(1),
(3),
(5),
(14),
(26);

-- --------------------------------------------------------

--
-- Table structure for table `project_update`
--

DROP TABLE IF EXISTS `project_update`;
CREATE TABLE IF NOT EXISTS `project_update` (
  `idea_id` int(8) NOT NULL,
  `update_id` int(8) NOT NULL,
  PRIMARY KEY (`idea_id`,`update_id`),
  KEY `update_id` (`update_id`)
) ENGINE=InnoDB DEFAULT CHARSET=utf8 COLLATE=utf8_unicode_ci;

-- --------------------------------------------------------

--
-- Table structure for table `promoter`
--

DROP TABLE IF EXISTS `promoter`;
CREATE TABLE IF NOT EXISTS `promoter` (
  `user_id` int(8) NOT NULL,
  PRIMARY KEY (`user_id`)
) ENGINE=InnoDB DEFAULT CHARSET=utf8 COLLATE=utf8_unicode_ci;

--
-- Dumping data for table `promoter`
--

INSERT INTO `promoter` (`user_id`) VALUES
(2),
(5),
(6),
(8);

-- --------------------------------------------------------

--
-- Table structure for table `promotes`
--

DROP TABLE IF EXISTS `promotes`;
CREATE TABLE IF NOT EXISTS `promotes` (
  `user_id` int(8) NOT NULL,
  `idea_id` int(8) NOT NULL,
  PRIMARY KEY (`user_id`,`idea_id`),
  KEY `idea_id` (`idea_id`)
) ENGINE=InnoDB DEFAULT CHARSET=utf8 COLLATE=utf8_unicode_ci;

--
-- Dumping data for table `promotes`
--

INSERT INTO `promotes` (`user_id`, `idea_id`) VALUES
(1, 1),
(3, 1),
(3, 5),
(7, 8),
(3, 9),
(3, 10),
(3, 14),
(5, 14),
(4, 17),
(7, 19),
(7, 21),
(6, 24),
(8, 28),
(8, 30);

-- --------------------------------------------------------

--
-- Table structure for table `tag`
--

DROP TABLE IF EXISTS `tag`;
CREATE TABLE IF NOT EXISTS `tag` (
  `tag_id` int(8) NOT NULL AUTO_INCREMENT,
  `tag_name` varchar(60) COLLATE utf8_unicode_ci NOT NULL,
  `tag_type` varchar(60) COLLATE utf8_unicode_ci NOT NULL,
  PRIMARY KEY (`tag_id`)
) ENGINE=InnoDB DEFAULT CHARSET=utf8 COLLATE=utf8_unicode_ci AUTO_INCREMENT=1 ;

-- --------------------------------------------------------

--
-- Table structure for table `thought`
--

DROP TABLE IF EXISTS `thought`;
CREATE TABLE IF NOT EXISTS `thought` (
  `idea_id` int(8) NOT NULL,
  PRIMARY KEY (`idea_id`)
) ENGINE=InnoDB DEFAULT CHARSET=utf8 COLLATE=utf8_unicode_ci;

--
-- Dumping data for table `thought`
--

INSERT INTO `thought` (`idea_id`) VALUES
(2),
(4),
(6),
(7),
(8),
(9),
(10),
(11),
(12),
(13),
(15),
(16),
(17),
(18),
(20),
(21),
(22),
(23),
(24),
(25),
(27),
(28),
(29),
(30),
(31);

-- --------------------------------------------------------

--
-- Table structure for table `update`
--

DROP TABLE IF EXISTS `update`;
CREATE TABLE IF NOT EXISTS `update` (
  `update_id` int(8) NOT NULL AUTO_INCREMENT,
  `update_name` varchar(160) COLLATE utf8_unicode_ci NOT NULL,
  `date_created` date NOT NULL,
  `content` mediumblob NOT NULL,
  PRIMARY KEY (`update_id`)
) ENGINE=InnoDB DEFAULT CHARSET=utf8 COLLATE=utf8_unicode_ci AUTO_INCREMENT=1 ;

-- --------------------------------------------------------

--
-- Table structure for table `user`
--

DROP TABLE IF EXISTS `user`;
CREATE TABLE IF NOT EXISTS `user` (
  `user_id` int(8) NOT NULL AUTO_INCREMENT,
  `name` varchar(50) COLLATE utf8_unicode_ci NOT NULL,
  `email` varchar(50) COLLATE utf8_unicode_ci NOT NULL,
  `password` char(60) COLLATE utf8_unicode_ci NOT NULL,
  `location` varchar(64) COLLATE utf8_unicode_ci NOT NULL,
  `website` varchar(128) COLLATE utf8_unicode_ci NOT NULL,
  `industry` varchar(128) COLLATE utf8_unicode_ci NOT NULL,
  `ind_years` tinyint(2) NOT NULL,
  `bio` text COLLATE utf8_unicode_ci NOT NULL,
  `contact_pref` tinytext COLLATE utf8_unicode_ci NOT NULL,
  PRIMARY KEY (`user_id`),
  UNIQUE KEY `userid` (`user_id`)
) ENGINE=InnoDB  DEFAULT CHARSET=utf8 COLLATE=utf8_unicode_ci AUTO_INCREMENT=9 ;

--
-- Dumping data for table `user`
--

INSERT INTO `user` (`user_id`, `name`, `email`, `password`, `location`, `website`, `industry`, `ind_years`, `bio`, `contact_pref`) VALUES
(1, 'John Smith 001', '001@email.com', '$2y$10$nkGwGC0egNplnv8J6iZ.VeZdtQV3wSfmcDekoodwF28Djb/70rS0y', 'Vancouver', 'http://localhost', 'design', 5, 'Lorem ipsum dolor sit amet, consectetur adipiscing elit. Fusce a commodo sem, quis pharetra neque. Aliquam erat volutpat. Maecenas ut dictum enim. Aliquam erat volutpat. Cras fermentum turpis mi, sed sollicitudin mi vulputate in. Vestibulum vehicula metus a augue fringilla hendrerit. Aliquam posuere elementum lectus. Etiam adipiscing tincidunt mollis. Quisque bibendum molestie gravida. Vestibulum facilisis porta dignissim.', 'byEmail'),
(2, 'Jane Smith', '002@email.com', '$2y$10$062ZmBuGP1COrlUOok/CEuskwFudjQaQIi1L1aLayhoQyxwNsJ6qa', 'Seattle', 'http://8.8.8.8', 'software', 6, 'Lorem ipsum dolor sit amet, consectetur adipiscing elit. Fusce a commodo sem, quis pharetra neque. Aliquam erat volutpat. Maecenas ut dictum enim. Aliquam erat volutpat. Cras fermentum turpis mi, sed sollicitudin mi vulputate in. Vestibulum vehicula metus a augue fringilla hendrerit. Aliquam posuere elementum lectus. Etiam adipiscing tincidunt mollis. Quisque bibendum molestie gravida. Vestibulum facilisis porta dignissim.', 'byEmail'),
(3, 'Alex Jones', '003@email.com', '$2y$10$JQT92ssDtLcxhUPtz3caBeC2Q9PdafNhvKe0pZurkoK817G/l7A/W', 'Vancouver', '', 'business', 23, '', 'byEmail'),
(4, 'Alice Gnjek', '004@email.com', '$2y$10$OSNpL5/LVWusU9BcnmB70.mS2gFhz./yePwCMTIE/NLPI95j7KBum', 'New York', 'http://gnjek.com', 'business', 4, 'Lorem ipsum dolor sit amet, consectetur adipiscing elit. Fusce a commodo sem, quis pharetra neque. Aliquam erat volutpat. Maecenas ut dictum enim. Aliquam erat volutpat. Cras fermentum turpis mi, sed sollicitudin mi vulputate in. Vestibulum vehicula metus a augue fringilla hendrerit. Aliquam posuere elementum lectus. Etiam adipiscing tincidunt mollis. Quisque bibendum molestie gravida. Vestibulum facilisis porta dignissim.', 'byUrl'),
(5, 'Gaetan Price', '005@email.com', '$2y$10$3zAM.G033yfpn/0EUFYFJOE0upTTJdpco1Giv9gRyrDAeyocE8izG', 'Paris', 'http://gaetanprice.com', '', 0, '', 'byUrl'),
(6, 'Flynn Norman', '006@email.com', '$2y$10$VcG3a7lYlXNjoZJ5ZyK04ubbns/Gyk6gXELebSsFZJGKZB4.VEVI6', 'Stockholm', '', 'design', 12, 'Lorem ipsum dolor sit amet, consectetur adipiscing elit. Fusce a commodo sem, quis pharetra neque. Aliquam erat volutpat. Maecenas ut dictum enim. Aliquam erat volutpat. Cras fermentum turpis mi, sed sollicitudin mi vulputate in. Vestibulum vehicula metus a augue fringilla hendrerit. Aliquam posuere elementum lectus. Etiam adipiscing tincidunt mollis. Quisque bibendum molestie gravida. Vestibulum facilisis porta dignissim.', 'byEmail'),
(7, 'Mark Swarm', '007@email.com', '$2y$10$z0DL6gTb2Qc1.7PnE2E.X.xDaAr3oFDmWCzuEpWwtsKJLFMWCFK5S', '', '', 'business', 2, 'Lorem ipsum dolor sit amet, consectetur adipiscing elit. Fusce a commodo sem, quis pharetra neque. Aliquam erat volutpat. Maecenas ut dictum enim. Aliquam erat volutpat. Cras fermentum turpis mi, sed sollicitudin mi vulputate in. Vestibulum vehicula metus a augue fringilla hendrerit. Aliquam posuere elementum lectus. Etiam adipiscing tincidunt mollis. Quisque bibendum molestie gravida. Vestibulum facilisis porta dignissim.', 'byUrl'),
(8, 'Peter Olman', '008@email.com', '$2y$10$tRTMUrbk.QMybjQyGM2i1eh0Ds9jHecpxE3LJXAFAh81n/BXONOym', 'Toronto', 'http://oman-olm.an', 'design', 0, 'Lorem ipsum dolor sit amet, consectetur adipiscing elit. Fusce a commodo sem, quis pharetra neque. Aliquam erat volutpat. Maecenas ut dictum enim. Aliquam erat volutpat. Cras fermentum turpis mi, sed sollicitudin mi vulputate in. Vestibulum vehicula metus a augue fringilla hendrerit. Aliquam posuere elementum lectus. Etiam adipiscing tincidunt mollis. Quisque bibendum molestie gravida. Vestibulum facilisis porta dignissim.', 'byEmail');

-- --------------------------------------------------------

--
-- Table structure for table `user_connects`
--

DROP TABLE IF EXISTS `user_connects`;
CREATE TABLE IF NOT EXISTS `user_connects` (
  `sender_user_id` int(8) NOT NULL,
  `recipient_user_id` int(8) NOT NULL,
  PRIMARY KEY (`sender_user_id`,`recipient_user_id`),
  KEY `recipient_user_id` (`recipient_user_id`)
) ENGINE=InnoDB DEFAULT CHARSET=utf8 COLLATE=utf8_unicode_ci;

-- --------------------------------------------------------

--
-- Table structure for table `user_follows`
--

DROP TABLE IF EXISTS `user_follows`;
CREATE TABLE IF NOT EXISTS `user_follows` (
  `user_id` int(8) NOT NULL,
  `following_user_id` int(8) NOT NULL,
  PRIMARY KEY (`user_id`,`following_user_id`),
  KEY `following_user_id` (`following_user_id`)
) ENGINE=InnoDB DEFAULT CHARSET=utf8 COLLATE=utf8_unicode_ci;

--
-- Dumping data for table `user_follows`
--

INSERT INTO `user_follows` (`user_id`, `following_user_id`) VALUES
(3, 1),
(5, 1),
(3, 2),
(4, 2),
(6, 2),
(4, 3),
(7, 3),
(5, 4),
(6, 4),
(8, 4),
(6, 5),
(7, 6),
(8, 7),
(8, 8);

-- --------------------------------------------------------

--
-- Table structure for table `user_thought`
--

DROP TABLE IF EXISTS `user_thought`;
CREATE TABLE IF NOT EXISTS `user_thought` (
  `user_id` int(8) NOT NULL,
  `idea_id` int(8) NOT NULL,
  PRIMARY KEY (`user_id`,`idea_id`),
  KEY `idea_id` (`idea_id`)
) ENGINE=InnoDB DEFAULT CHARSET=utf8 COLLATE=utf8_unicode_ci;

--
-- Dumping data for table `user_thought`
--

INSERT INTO `user_thought` (`user_id`, `idea_id`) VALUES
(1, 2),
(1, 4),
(1, 6),
(2, 7),
(2, 8),
(2, 9),
(2, 10),
(2, 11),
(2, 12),
(3, 13),
(3, 15),
(4, 16),
(4, 17),
(4, 18),
(5, 20),
(5, 21),
(5, 22),
(6, 23),
(6, 24),
(6, 25),
(7, 27),
(7, 28),
(8, 29),
(8, 30),
(8, 31);

--
-- Constraints for dumped tables
--

--
-- Constraints for table `ideamaker`
--
ALTER TABLE `ideamaker`
  ADD CONSTRAINT `ideamaker_ibfk_1` FOREIGN KEY (`user_id`) REFERENCES `user` (`user_id`);

--
-- Constraints for table `ideamaker_project`
--
ALTER TABLE `ideamaker_project`
  ADD CONSTRAINT `ideamaker_project_ibfk_1` FOREIGN KEY (`user_id`) REFERENCES `ideamaker` (`user_id`),
  ADD CONSTRAINT `ideamaker_project_ibfk_2` FOREIGN KEY (`idea_id`) REFERENCES `project` (`idea_id`);

--
-- Constraints for table `ideamaker_update`
--
ALTER TABLE `ideamaker_update`
  ADD CONSTRAINT `ideamaker_update_ibfk_1` FOREIGN KEY (`user_id`) REFERENCES `ideamaker` (`user_id`),
  ADD CONSTRAINT `ideamaker_update_ibfk_2` FOREIGN KEY (`update_id`) REFERENCES `update` (`update_id`);

--
-- Constraints for table `idea_tag`
--
ALTER TABLE `idea_tag`
  ADD CONSTRAINT `idea_tag_ibfk_1` FOREIGN KEY (`idea_id`) REFERENCES `idea` (`idea_id`),
  ADD CONSTRAINT `idea_tag_ibfk_2` FOREIGN KEY (`tag_id`) REFERENCES `tag` (`tag_id`);

--
-- Constraints for table `project`
--
ALTER TABLE `project`
  ADD CONSTRAINT `project_ibfk_1` FOREIGN KEY (`idea_id`) REFERENCES `idea` (`idea_id`);

--
-- Constraints for table `project_update`
--
ALTER TABLE `project_update`
  ADD CONSTRAINT `project_update_ibfk_1` FOREIGN KEY (`idea_id`) REFERENCES `project` (`idea_id`),
  ADD CONSTRAINT `project_update_ibfk_2` FOREIGN KEY (`update_id`) REFERENCES `update` (`update_id`);

--
-- Constraints for table `promoter`
--
ALTER TABLE `promoter`
  ADD CONSTRAINT `promoter_ibfk_1` FOREIGN KEY (`user_id`) REFERENCES `user` (`user_id`);

--
-- Constraints for table `promotes`
--
ALTER TABLE `promotes`
  ADD CONSTRAINT `promotes_ibfk_1` FOREIGN KEY (`user_id`) REFERENCES `user` (`user_id`),
  ADD CONSTRAINT `promotes_ibfk_2` FOREIGN KEY (`idea_id`) REFERENCES `idea` (`idea_id`);

--
-- Constraints for table `thought`
--
ALTER TABLE `thought`
  ADD CONSTRAINT `thought_ibfk_1` FOREIGN KEY (`idea_id`) REFERENCES `idea` (`idea_id`);

--
-- Constraints for table `user_connects`
--
ALTER TABLE `user_connects`
  ADD CONSTRAINT `user_connects_ibfk_1` FOREIGN KEY (`sender_user_id`) REFERENCES `user` (`user_id`),
  ADD CONSTRAINT `user_connects_ibfk_2` FOREIGN KEY (`recipient_user_id`) REFERENCES `user` (`user_id`);

--
-- Constraints for table `user_follows`
--
ALTER TABLE `user_follows`
  ADD CONSTRAINT `user_follows_ibfk_1` FOREIGN KEY (`user_id`) REFERENCES `user` (`user_id`),
  ADD CONSTRAINT `user_follows_ibfk_2` FOREIGN KEY (`following_user_id`) REFERENCES `user` (`user_id`);

--
-- Constraints for table `user_thought`
--
ALTER TABLE `user_thought`
  ADD CONSTRAINT `user_thought_ibfk_1` FOREIGN KEY (`user_id`) REFERENCES `user` (`user_id`),
  ADD CONSTRAINT `user_thought_ibfk_2` FOREIGN KEY (`idea_id`) REFERENCES `thought` (`idea_id`);

/*!40101 SET CHARACTER_SET_CLIENT=@OLD_CHARACTER_SET_CLIENT */;
/*!40101 SET CHARACTER_SET_RESULTS=@OLD_CHARACTER_SET_RESULTS */;
/*!40101 SET COLLATION_CONNECTION=@OLD_COLLATION_CONNECTION */;
